<?xml version="1.0" encoding="UTF-8" standalone="no"?>
<changelog xmlns="http://www.omnigroup.com/namespace/OmniPlan/v2">
  <version>2.1</version>
  <task-change-set user="Jessada Ruedeekulrungroj" date="2017-06-06T05:06:00.000Z" timestamp="2017-06-06T05:06:00.000Z">
    <change idref="t46" to="t1" to-position="2">
      <change idref="t46" attribute="isGroup" type="real" from="0" to="1"/>
      <change idref="t46" attribute="taskType" type="real" from="0" to="2"/>
      <change idref="t46" attribute="title" type="string" to="จัดเตรียมข้อมูลปฐมภูมิ"/>
    </change>
    <change idref="t47" to="t46" to-position="0">
      <change idref="t47" attribute="title" type="string" to="Task 1"/>
    </change>
  </task-change-set>
  <task-change-set user="Jessada Ruedeekulrungroj" date="2017-07-06T02:42:09.507Z" timestamp="2017-07-06T02:42:09.507Z">
    <change idref="t533" to="t38" to-position="3">
      <change idref="t533" attribute="noEarlierThanConstraintDate" type="date" to="2017-07-06T01:00:00.000Z"/>
      <change idref="t533" attribute="title" type="string" to="การจัดฝึกอบรม ตารางข้อมูล"/>
    </change>
    <change idref="t534" to="t38" to-position="4">
      <change idref="t534" attribute="noEarlierThanConstraintDate" type="date" to="2017-07-06T01:00:00.000Z"/>
      <change idref="t534" attribute="title" type="string" to="การจัดฝึกอบรม แบบบันทึกการจัดฝึกอบรม"/>
    </change>
    <change idref="t202" attribute="title" type="string" from="ตารางข้อมูล" to="คลังความรู้ ตารางข้อมูล"/>
    <change idref="t203" attribute="title" type="string" from="แบบบันทึกคลังความรู้ (สำหรับการเตรียมความพร้อมสู่วัยสูงอายุ)" to="คลังความรู้ แบบบันทึกคลังความรู้ (สำหรับการเตรียมความพร้อมสู่วัยสูงอายุ)"/>
    <change idref="t450" attribute="title" type="string" from="จัดการแบบฝึกหัด (สำหรับทดสอบองค์ความรู้)" to="คลังความรู้ จัดการแบบฝึกหัด (สำหรับทดสอบองค์ความรู้)"/>
  </task-change-set>
  <task-change-set user="สรชัย ใจสาร" date="2017-07-24T06:30:50.264Z" timestamp="2017-07-24T06:30:50.264Z">
    <change idref="t128" attribute="internalEffortDone" type="real" from="0" to="8639.999485015869" resolved="yes"/>
    <change idref="t134" attribute="internalEffortDone" type="real" from="5759.99951171875" to="18719.99931335449" resolved="yes"/>
    <change idref="t135" attribute="internalEffortDone" type="real" from="17279.998046875" to="56159.99794006348" resolved="yes"/>
    <change idref="t145" attribute="internalEffortDone" type="real" from="2879.999755859375" to="9359.999656677246" resolved="yes"/>
    <change idref="t151" attribute="internalEffortDone" type="real" from="11519.9990234375" to="18719.99931335449" resolved="yes"/>
    <change idref="t152" attribute="internalEffortDone" type="real" from="34559.99609375" to="56159.99794006348" resolved="yes"/>
    <change idref="t161" attribute="internalEffortDone" type="real" from="5759.99951171875" to="9359.999656677246" resolved="yes"/>
    <change idref="t162" attribute="internalEffortDone" type="real" from="5759.99951171875" to="9359.999656677246" resolved="yes"/>
    <change idref="t168" attribute="internalEffortDone" type="real" from="14400" to="18719.99931335449" resolved="yes"/>
    <change idref="t169" attribute="internalEffortDone" type="real" from="28800" to="37439.99862670898" resolved="yes"/>
    <change idref="t202" attribute="internalEffortDone" type="real" from="5759.99951171875" to="17279.99897003174" resolved="yes"/>
    <change idref="t203" attribute="internalEffortDone" type="real" from="0" to="51839.99691009521" resolved="yes"/>
    <change idref="t219" attribute="internalEffortDone" type="real" from="8639.9990234375" to="18719.99931335449" resolved="yes"/>
    <change idref="t220" attribute="internalEffortDone" type="real" from="17279.998046875" to="37439.99862670898" resolved="yes"/>
    <change idref="t229" attribute="internalEffortDone" type="real" from="4319.99951171875" to="9359.999656677246" resolved="yes"/>
    <change idref="t230" attribute="internalEffortDone" type="real" from="0" to="28079.99897003174" resolved="yes"/>
    <change idref="t424" attribute="internalEffortDone" type="real" from="8639.9990234375" to="18719.99931335449" resolved="yes"/>
    <change idref="t425" attribute="internalEffortDone" type="real" from="25919.998046875" to="56159.99794006348" resolved="yes"/>
    <change idref="t426" attribute="internalEffortDone" type="real" from="4319.99951171875" to="9359.999656677246" resolved="yes"/>
    <change idref="t427" attribute="internalEffortDone" type="real" from="0" to="9359.999656677246" resolved="yes"/>
    <change idref="t507" attribute="internalEffortDone" type="real" from="0" to="2879.999828338623" resolved="yes"/>
    <change idref="t508" attribute="internalEffortDone" type="real" from="0" to="2879.999828338623" resolved="yes"/>
    <change idref="t512" attribute="internalEffortDone" type="real" from="0" to="2879.999828338623" resolved="yes"/>
    <change idref="t533" attribute="internalEffortDone" type="real" from="0" to="17279.99897003174" resolved="yes"/>
    <change idref="t534" attribute="internalEffortDone" type="real" from="0" to="17279.99897003174" resolved="yes"/>
  </task-change-set>
</changelog>
