<?xml version="1.0" encoding="UTF-8" standalone="no"?>
<omniplan xmlns="http://www.omnigroup.com/namespace/OmniPlan/v2" xmlns:opnx="http://www.omnigroup.com/namespace/OmniPlan/v2">
  <window x="0" y="0" w="1440" h="858">
    <editing-scenario>dE7VhYHKSnn</editing-scenario>
    <view>task</view>
    <change-tracking/>
    <status-display>basic</status-display>
    <task-view>
      <split-view-divider-position>659</split-view-divider-position>
      <outline x="0" y="0" w="659" h="835">
        <column name="Notes" width="20"/>
        <column name="Title" width="390"/>
        <column name="Time" width="59"/>
        <column name="%Done" width="73"/>
        <column name="Assigned" width="111"/>
        <expanded-items idrefs="t30 t41 t4 t33 t38 t5 t36 t31 t1 t39 t6 t40 t7 t32 t35"/>
        <selected-items-at-filter-time idrefs="t481 t7 t504 t524 t8 t520 t532 t466 t478 t450 t59 t474 t403 t470 t505 t525 t521 t533 t467 t479 t475 t404 t471 t526 t49 t60 t522 t534 t468 t2 t476 t405 t3 t472 t480 t4 t527 t523 t5 t469 t57 t477 t6 t473 t402 t50"/>
      </outline>
      <gantt-view x="21" y="0" w="779" h="835">
        <view-mode>actual</view-mode>
        <dependency-lines/>
        <constraints/>
        <show-project-end/>
        <task-bar-label task-type="group" position="left">
          <key/>
        </task-bar-label>
        <task-bar-label task-type="group" position="center">
          <key/>
        </task-bar-label>
        <task-bar-label task-type="group" position="right">
          <key>Assigned</key>
        </task-bar-label>
        <task-bar-label task-type="milestone" position="left">
          <key/>
        </task-bar-label>
        <task-bar-label task-type="milestone" position="center">
          <key/>
        </task-bar-label>
        <task-bar-label task-type="milestone" position="right">
          <key>Assigned</key>
        </task-bar-label>
        <task-bar-label task-type="task" position="left">
          <key/>
        </task-bar-label>
        <task-bar-label task-type="task" position="center">
          <key/>
        </task-bar-label>
        <task-bar-label task-type="task" position="right">
          <key>Assigned</key>
        </task-bar-label>
        <scale scale-name="Automatic" full-day-width="95.9603">
          <selected/>
        </scale>
        <scale scale-name="Day" full-day-width="1215"/>
        <scale scale-name="Hour" full-day-width="65880"/>
        <scale scale-name="Minute" full-day-width="64800"/>
        <scale scale-name="Month" full-day-width="34.5"/>
        <scale scale-name="Quarter" full-day-width="9.6"/>
        <scale scale-name="Week" full-day-width="162"/>
        <scale scale-name="Year" full-day-width="2.3625"/>
        <offtime-display>none</offtime-display>
      </gantt-view>
    </task-view>
    <resource-view>
      <split-view-divider-position>659</split-view-divider-position>
      <outline x="0" y="0" w="659" h="649">
        <column name="Notes" width="20"/>
        <column name="Type" width="49"/>
        <column name="Resource" width="510"/>
        <column name="#" width="75"/>
        <expanded-item-notes idrefs="r12 r15 r18 r9 r21 r14 r11 r10 r13 r16"/>
        <selected-items-at-filter-time idrefs="r12 r15 r18 r21 r14 r13 r16"/>
      </outline>
      <timeline x="-10" y="0" w="591" h="649">
        <offtime-display>none</offtime-display>
        <show-project-end/>
        <task-bar-label task-type="group" position="left">
          <key>Title</key>
        </task-bar-label>
        <task-bar-label task-type="group" position="center">
          <key/>
        </task-bar-label>
        <task-bar-label task-type="group" position="right">
          <key/>
        </task-bar-label>
        <task-bar-label task-type="milestone" position="left">
          <key>Title</key>
        </task-bar-label>
        <task-bar-label task-type="milestone" position="center">
          <key/>
        </task-bar-label>
        <task-bar-label task-type="milestone" position="right">
          <key>Assigned</key>
        </task-bar-label>
        <task-bar-label task-type="task" position="left">
          <key>Title</key>
        </task-bar-label>
        <task-bar-label task-type="task" position="center">
          <key/>
        </task-bar-label>
        <task-bar-label task-type="task" position="right">
          <key/>
        </task-bar-label>
        <scale scale-name="Automatic" full-day-width="300">
          <selected/>
        </scale>
        <scale scale-name="Day" full-day-width="1215"/>
        <scale scale-name="Hour" full-day-width="65880"/>
        <scale scale-name="Minute" full-day-width="64800"/>
        <scale scale-name="Month" full-day-width="34.5"/>
        <scale scale-name="Quarter" full-day-width="9.6"/>
        <scale scale-name="Week" full-day-width="162"/>
        <scale scale-name="Year" full-day-width="2.3625"/>
      </timeline>
    </resource-view>
    <calendar>
      <split-view-divider-position>290</split-view-divider-position>
      <outline x="0" y="0" w="290" h="573">
        <column name="Notes" width="20"/>
        <column name="Type" width="49"/>
        <column name="Resource" width="139"/>
        <column name="Custom Work Week" width="20"/>
        <column name="Schedule Exception" width="20"/>
      </outline>
    </calendar>
    <network-view>
      <network-view>
        <task-table-style/>
        <milestone-table-style/>
        <group-table-style/>
      </network-view>
    </network-view>
  </window>
  <project>
    <next-task-id>535</next-task-id>
    <next-resource-id>22</next-resource-id>
    <scenario id="dE7VhYHKSnn" name="Actual" filename="Actual.xml"/>
    <date-display dates="true" times="true" seconds="false"/>
    <numbering-style>wbs</numbering-style>
    <critical-path-slack>0</critical-path-slack>
    <currency-format>THB1,234.56</currency-format>
    <duration-format hours-per-day="8" hours-per-week="40" hours-per-month="160" hours-per-year="1920" days="true"/>
    <effort-format hours-per-day="8" hours-per-week="40" hours-per-month="160" hours-per-year="1920" days="true"/>
    <base-style>
      <style/>
    </base-style>
    <column-title-style>
      <style>
        <value key="font-name">HelveticaNeue-Medium</value>
        <value key="font-size">12</value>
        <value key="font-weight">6</value>
        <value key="paragraph-alignment">center</value>
      </style>
    </column-title-style>
    <note-style>
      <style>
        <value key="font-fill">
          <color space="gg22" w="0.409218"/>
        </value>
        <value key="font-size">12</value>
      </style>
    </note-style>
    <standard-task-style>
      <style/>
    </standard-task-style>
    <overdue-task-style>
      <style/>
    </overdue-task-style>
    <completed-task-style>
      <style/>
    </completed-task-style>
    <group-task-style>
      <style/>
    </group-task-style>
    <milestone-task-style>
      <style/>
    </milestone-task-style>
    <resource-style>
      <style/>
    </resource-style>
    <not-editable-style>
      <style>
        <value key="font-fill">
          <color space="gg22" w="0.409218"/>
        </value>
      </style>
    </not-editable-style>
    <subscribe-refresh>0</subscribe-refresh>
    <leveling>
      <constrains-completion-date/>
    </leveling>
    <page-adornment>
      <master-page-headers>
        <header location="left">
          <text>
            <p>
              <run>
                <lit><cell variable="OPDocumentTitleVariableIdentifier"/></lit>
              </run>
            </p>
          </text>
        </header>
        <header location="right">
          <text>
            <p>
              <run>
                <lit><cell variable="OPPrintJobTimestampVariableIdentifier"/></lit>
              </run>
            </p>
          </text>
        </header>
        <footer location="left">
          <text>
            <p>
              <run>
                <lit><cell variable="OPDocumentFilenameVariableIdentifier"/></lit>
              </run>
            </p>
          </text>
        </footer>
        <footer location="right">
          <text>
            <p>
              <run>
                <lit><cell variable="OPPageNumberVariableIdentifier"/></lit>
              </run>
            </p>
          </text>
        </footer>
      </master-page-headers>
    </page-adornment>
  </project>
</omniplan>
