<?xml version="1.0" encoding="UTF-8" standalone="no"?>
<scenario xmlns="http://www.omnigroup.com/namespace/OmniPlan/v2" xmlns:opns="http://www.omnigroup.com/namespace/OmniPlan/v2" id="dE7VhYHKSnn">
  <start-date>2017-06-06T01:00:00.000Z</start-date>
  <prototype-task>
    <task id="t-2">
      <title>Task 1</title>
      <effort>28800</effort>
    </task>
  </prototype-task>
  <prototype-task>
    <task id="t-3">
      <title>Milestone 1</title>
      <type>milestone</type>
    </task>
  </prototype-task>
  <prototype-task>
    <task id="t-4">
      <title>Group 1</title>
      <type>group</type>
    </task>
  </prototype-task>
  <prototype-resource>
    <resource id="r-2">
      <name>Resource 1</name>
      <type>Staff</type>
    </resource>
  </prototype-resource>
  <prototype-resource>
    <resource id="r-3">
      <name>Equipment 1</name>
      <type>Equipment</type>
    </resource>
  </prototype-resource>
  <prototype-resource>
    <resource id="r-4">
      <name>Material 1</name>
      <type>Material</type>
      <units-available>0</units-available>
      <efficiency>0</efficiency>
    </resource>
  </prototype-resource>
  <prototype-resource>
    <resource id="r-5">
      <name>Group 1</name>
      <type>Group</type>
    </resource>
  </prototype-resource>
  <top-resource idref="r-1"/>
  <resource id="r-1">
    <type>Group</type>
    <child-resource idref="r14"/>
    <child-resource idref="r11"/>
    <child-resource idref="r10"/>
    <child-resource idref="r9"/>
    <child-resource idref="r12"/>
    <child-resource idref="r13"/>
    <child-resource idref="r21"/>
    <child-resource idref="r15"/>
    <child-resource idref="r16"/>
    <child-resource idref="r18"/>
    <child-resource idref="r20"/>
  </resource>
  <resource id="r9">
    <name>DP3</name>
    <type>Staff</type>
    <note>
      <text>
        <p>
          <run>
            <lit>(Developer 3 - Attapon)</lit>
          </run>
        </p>
      </text>
    </note>
  </resource>
  <resource id="r10">
    <name>DP2</name>
    <type>Staff</type>
    <note>
      <text>
        <p>
          <run>
            <lit>(Developer 2 - Bandit Pensri)</lit>
          </run>
        </p>
      </text>
    </note>
  </resource>
  <resource id="r11">
    <name>DP1</name>
    <type>Staff</type>
    <note>
      <text>
        <p>
          <run>
            <lit>(Developer 1 - Sorachai Jaisarn)</lit>
          </run>
        </p>
      </text>
    </note>
  </resource>
  <resource id="r12">
    <name>DP4</name>
    <type>Staff</type>
    <note>
      <text>
        <p>
          <run>
            <lit>(Developer 4 - Sanit Kaewtawan)</lit>
          </run>
        </p>
      </text>
    </note>
  </resource>
  <resource id="r13">
    <name>DP5</name>
    <type>Staff</type>
    <note>
      <text>
        <p>
          <run>
            <lit>(Developer 5 - Kitsana Panya)</lit>
          </run>
        </p>
      </text>
    </note>
  </resource>
  <resource id="r14">
    <name>SA1</name>
    <type>Staff</type>
    <note>
      <text>
        <p>
          <run>
            <lit>(System Analyst 1 - Jessada Ruedeekulrungroj)</lit>
          </run>
        </p>
      </text>
    </note>
  </resource>
  <resource id="r15">
    <name>SQA1</name>
    <type>Staff</type>
    <note>
      <text>
        <p>
          <run>
            <lit>(Software Quality Assurance 1 - Surakit Sukjan)</lit>
          </run>
        </p>
      </text>
    </note>
  </resource>
  <resource id="r16">
    <name>PCO</name>
    <type>Staff</type>
    <note>
      <text>
        <p>
          <run>
            <lit>(Project Co-Ordinator 1 - Nongnuch Somnukton)</lit>
          </run>
        </p>
      </text>
    </note>
  </resource>
  <resource id="r18">
    <name>CTM</name>
    <type>Staff</type>
    <note>
      <text>
        <p>
          <run>
            <lit>(Department of Older Persons)</lit>
          </run>
        </p>
      </text>
    </note>
  </resource>
  <resource id="r20">
    <name>SQA</name>
    <type>Staff</type>
  </resource>
  <resource id="r21">
    <name>DP6</name>
    <type>Staff</type>
    <note>
      <text>
        <p>
          <run>
            <lit>(Developer 6 - M)</lit>
          </run>
        </p>
      </text>
    </note>
  </resource>
  <top-task idref="t-1"/>
  <task id="t-1">
    <type>group</type>
    <child-task idref="t1"/>
  </task>
  <task id="t1">
    <title>แผนการดำเนินโครงการพัฒนาระบบงานเพื่อบูรณาการฐานข้อมูลผู้สูงอายุ</title>
    <type>group</type>
    <child-task idref="t8"/>
    <child-task idref="t2"/>
    <note>
      <text>
        <p>
          <run>
            <lit>PM.2 - Project Plan Execution (Version 1.0)</lit>
          </run>
        </p>
      </text>
    </note>
    <style>
      <value key="font-fill">
        <color space="srgb" r="0.162624" g="0.354149" b="0.672"/>
      </value>
      <value key="font-weight">9</value>
    </style>
  </task>
  <task id="t2">
    <title>ระบบงานในการบูรณาการงานผู้สูงอายุ</title>
    <type>group</type>
    <child-task idref="t3"/>
    <child-task idref="t4"/>
    <child-task idref="t5"/>
    <child-task idref="t6"/>
    <child-task idref="t7"/>
    <style>
      <value key="font-fill">
        <color space="srgb" r="0.122472" g="0.502988" b="0.567"/>
      </value>
      <value key="font-weight">9</value>
    </style>
  </task>
  <task id="t3">
    <title>ระบบให้บริการทะเบียนประวัติผู้สูงอายุแบบออนไลน์ (OIC)</title>
    <type>group</type>
    <child-task idref="t321"/>
    <style>
      <value key="font-weight">9</value>
    </style>
  </task>
  <task id="t4">
    <title>ระบบนำเข้าข้อมูล (Data Importing System)</title>
    <type>group</type>
    <child-task idref="t338"/>
    <child-task idref="t339"/>
    <child-task idref="t348"/>
    <child-task idref="t349"/>
    <child-task idref="t341"/>
    <child-task idref="t504"/>
    <child-task idref="t505"/>
    <child-task idref="t506"/>
    <child-task idref="t507"/>
    <child-task idref="t508"/>
    <child-task idref="t509"/>
    <child-task idref="t511"/>
    <child-task idref="t512"/>
    <style>
      <value key="font-weight">9</value>
    </style>
  </task>
  <task id="t5">
    <title>ระบบส่งออกข้อมูล (Data Exporting System)</title>
    <type>group</type>
    <child-task idref="t499"/>
    <child-task idref="t500"/>
    <child-task idref="t503"/>
    <child-task idref="t502"/>
    <child-task idref="t501"/>
    <child-task idref="t514"/>
    <child-task idref="t515"/>
    <child-task idref="t516"/>
    <child-task idref="t517"/>
    <child-task idref="t518"/>
    <child-task idref="t519"/>
    <style>
      <value key="font-weight">9</value>
    </style>
  </task>
  <task id="t6">
    <title>ระบบจัดการกุญแจสำหรับยืนยันตัวตน (Authentication Key)</title>
    <type>group</type>
    <child-task idref="t372"/>
    <child-task idref="t520"/>
    <style>
      <value key="font-weight">9</value>
    </style>
  </task>
  <task id="t7">
    <title>คลังพักฐานข้อมูลผู้สูงอายุ (Database Warehouse)</title>
    <type>group</type>
    <child-task idref="t532"/>
    <style>
      <value key="font-weight">9</value>
    </style>
  </task>
  <task id="t8">
    <title>ระบบฐานข้อมูลด้านผู้สูงอายุของกรมกิจการผู้สูงอายุ (ระยะที่ 1)</title>
    <type>group</type>
    <child-task idref="t30"/>
    <child-task idref="t31"/>
    <child-task idref="t32"/>
    <child-task idref="t33"/>
    <child-task idref="t35"/>
    <child-task idref="t36"/>
    <child-task idref="t38"/>
    <child-task idref="t39"/>
    <child-task idref="t40"/>
    <child-task idref="t41"/>
    <child-task idref="t42"/>
    <child-task idref="t43"/>
    <child-task idref="t44"/>
    <child-task idref="t45"/>
    <style>
      <value key="font-fill">
        <color space="srgb" r="0.122472" g="0.502988" b="0.567"/>
      </value>
      <value key="font-weight">9</value>
    </style>
  </task>
  <task id="t30">
    <title>ระบบฐานข้อมูลการให้บริการสงเคราะห์ผู้สูงอายุในภาวะยากลำบาก</title>
    <type>group</type>
    <child-task idref="t49"/>
    <child-task idref="t50"/>
    <child-task idref="t59"/>
    <child-task idref="t60"/>
    <child-task idref="t405"/>
    <child-task idref="t57"/>
    <child-task idref="t402"/>
    <child-task idref="t403"/>
    <child-task idref="t404"/>
    <note>
      <text>
        <p>
          <run>
            <lit>ฐานข้อมูลสวัสดิการสังคมผู้สูงอายุ</lit>
          </run>
        </p>
      </text>
    </note>
    <style>
      <value key="font-weight">9</value>
    </style>
  </task>
  <task id="t31">
    <title>ระบบฐานข้อมูลผู้สูงอายุที่รับบริการในศูนย์พัฒนาการจัดสวัสดิการสังคม</title>
    <type>group</type>
    <child-task idref="t117"/>
    <child-task idref="t118"/>
    <child-task idref="t127"/>
    <child-task idref="t128"/>
    <child-task idref="t407"/>
    <child-task idref="t406"/>
    <child-task idref="t408"/>
    <child-task idref="t409"/>
    <note>
      <text>
        <p>
          <run>
            <lit>ฐานข้อมูลสวัสดิการสังคมผู้สูงอายุ</lit>
          </run>
        </p>
      </text>
    </note>
    <style>
      <value key="font-weight">9</value>
    </style>
  </task>
  <task id="t32">
    <title>ระบบฐานข้อมูลการสงเคราะห์ในการจัดการงานศพผู้สูงอายุตามประเพณี</title>
    <type>group</type>
    <child-task idref="t134"/>
    <child-task idref="t135"/>
    <child-task idref="t145"/>
    <child-task idref="t416"/>
    <child-task idref="t415"/>
    <child-task idref="t417"/>
    <child-task idref="t418"/>
    <note>
      <text>
        <p>
          <run>
            <lit>ฐานข้อมูลสวัสดิการสังคมผู้สูงอายุ</lit>
          </run>
        </p>
      </text>
    </note>
    <style>
      <value key="font-weight">9</value>
    </style>
  </task>
  <task id="t33">
    <title>ระบบฐานข้อมูลการปรับสภาพแวดล้อมและสิ่งอำนวยความสะดวกที่เอื้อเฟื้อต่อคนทุกวัย</title>
    <type>group</type>
    <child-task idref="t151"/>
    <child-task idref="t152"/>
    <child-task idref="t161"/>
    <child-task idref="t162"/>
    <child-task idref="t421"/>
    <child-task idref="t420"/>
    <child-task idref="t422"/>
    <child-task idref="t424"/>
    <child-task idref="t425"/>
    <child-task idref="t426"/>
    <child-task idref="t427"/>
    <child-task idref="t429"/>
    <child-task idref="t428"/>
    <child-task idref="t430"/>
    <child-task idref="t431"/>
    <note>
      <text>
        <p>
          <run>
            <lit>ฐานข้อมูลสวัสดิการสังคมผู้สูงอายุ</lit>
          </run>
        </p>
      </text>
    </note>
    <style>
      <value key="font-weight">9</value>
    </style>
  </task>
  <task id="t35">
    <title>ระบบฐานข้อมูลคลังปัญญาผู้สูงอายุ</title>
    <type>group</type>
    <child-task idref="t168"/>
    <child-task idref="t169"/>
    <child-task idref="t433"/>
    <child-task idref="t432"/>
    <note>
      <text>
        <p>
          <run>
            <lit>ฐานข้อมูลการพัฒนาศักยภาพผู้สูงอายุ</lit>
          </run>
        </p>
      </text>
    </note>
    <style>
      <value key="font-weight">9</value>
    </style>
  </task>
  <task id="t36">
    <title>ระบบฐานข้อมูลอาสาสมัครดูแลผู้สูงอายุ (อผส.)</title>
    <type>group</type>
    <child-task idref="t437"/>
    <child-task idref="t438"/>
    <child-task idref="t447"/>
    <child-task idref="t448"/>
    <note>
      <text>
        <p>
          <run>
            <lit>ฐานข้อมูลการพัฒนาศักยภาพผู้สูงอายุ</lit>
          </run>
        </p>
      </text>
    </note>
    <style>
      <value key="font-weight">9</value>
    </style>
  </task>
  <task id="t38">
    <title>ระบบฐานข้อมูลการเตรียมความพร้อมสู่วัยสูงอายุ (การให้ความรู้ก่อนวัยเกษียณ)</title>
    <type>group</type>
    <child-task idref="t202"/>
    <child-task idref="t203"/>
    <child-task idref="t450"/>
    <child-task idref="t533"/>
    <child-task idref="t534"/>
    <child-task idref="t449"/>
    <note>
      <text>
        <p>
          <run>
            <lit>ฐานข้อมูลการเตรียมความพร้อมสู่วัยสูงอายุ</lit>
          </run>
        </p>
      </text>
    </note>
    <style>
      <value key="font-weight">9</value>
    </style>
  </task>
  <task id="t39">
    <title>ระบบฐานข้อมูลโรงเรียนผู้สูงอายุ</title>
    <type>group</type>
    <child-task idref="t219"/>
    <child-task idref="t220"/>
    <child-task idref="t229"/>
    <child-task idref="t230"/>
    <child-task idref="t451"/>
    <child-task idref="t452"/>
    <child-task idref="t453"/>
    <note>
      <text>
        <p>
          <run>
            <lit>ฐานข้อมูลการเตรียมความพร้อมสู่วัยสูงอายุ</lit>
          </run>
        </p>
      </text>
    </note>
    <style>
      <value key="font-weight">9</value>
    </style>
  </task>
  <task id="t40">
    <title>ระบบฐานข้อมูลการส่งเสริมการจ้างงานผู้สูงอายุ</title>
    <type>group</type>
    <child-task idref="t236"/>
    <child-task idref="t237"/>
    <child-task idref="t456"/>
    <child-task idref="t457"/>
    <note>
      <text>
        <p>
          <run>
            <lit>ฐานข้อมูลการเตรียมความพร้อมสู่วัยสูงอายุ</lit>
          </run>
        </p>
      </text>
    </note>
    <style>
      <value key="font-weight">9</value>
    </style>
  </task>
  <task id="t41">
    <title>ระบบจัดการสิทธิ์การเข้าใช้งาน</title>
    <type>group</type>
    <child-task idref="t95"/>
    <child-task idref="t96"/>
    <child-task idref="t105"/>
    <child-task idref="t106"/>
    <child-task idref="t98"/>
    <style>
      <value key="font-weight">9</value>
    </style>
  </task>
  <task id="t42">
    <title>ระบบฐานข้อมูลกลางทะเบียนประวัติผู้สูงอายุ</title>
    <type>group</type>
    <child-task idref="t253"/>
    <child-task idref="t254"/>
    <child-task idref="t458"/>
    <child-task idref="t459"/>
    <style>
      <value key="font-weight">9</value>
    </style>
  </task>
  <task id="t43">
    <title>เว็บไซต์ศูนย์ข้อมูลผู้สูงอายุ</title>
    <type>group</type>
    <child-task idref="t270"/>
    <child-task idref="t271"/>
    <child-task idref="t280"/>
    <child-task idref="t525"/>
    <child-task idref="t273"/>
    <child-task idref="t521"/>
    <child-task idref="t522"/>
    <child-task idref="t281"/>
    <child-task idref="t523"/>
    <child-task idref="t524"/>
    <child-task idref="t527"/>
    <child-task idref="t526"/>
    <child-task idref="t466"/>
    <child-task idref="t467"/>
    <child-task idref="t471"/>
    <child-task idref="t468"/>
    <child-task idref="t469"/>
    <child-task idref="t470"/>
    <style>
      <value key="font-weight">9</value>
    </style>
  </task>
  <task id="t44">
    <title>แอพพลิเคชั่นสำรวจฐานข้อมูลผู้สูงอายุที่มีความยากลำบาก</title>
    <type>group</type>
    <child-task idref="t287"/>
    <style>
      <value key="font-weight">9</value>
    </style>
  </task>
  <task id="t45">
    <title>แอพพลิเคชั่นรายงานสรุปข้อมูลผู้สูงอายุสำหรับผู้บริหาร</title>
    <type>group</type>
    <child-task idref="t304"/>
    <child-task idref="t305"/>
    <child-task idref="t314"/>
    <child-task idref="t315"/>
    <child-task idref="t307"/>
    <child-task idref="t472"/>
    <child-task idref="t473"/>
    <child-task idref="t474"/>
    <child-task idref="t475"/>
    <child-task idref="t476"/>
    <child-task idref="t477"/>
    <child-task idref="t478"/>
    <child-task idref="t479"/>
    <child-task idref="t480"/>
    <child-task idref="t481"/>
    <style>
      <value key="font-weight">9</value>
    </style>
  </task>
  <task id="t49">
    <title>ตารางข้อมูล</title>
    <effort>28800</effort>
    <effort-done>20160</effort-done>
    <assignment idref="r11"/>
  </task>
  <task id="t50">
    <title>แบบขอรับบริการ (แจ้งเรื่อง)</title>
    <effort>86400</effort>
    <effort-done>60480</effort-done>
    <prerequisite-task idref="t49"/>
    <assignment idref="r11"/>
  </task>
  <task id="t57">
    <title>ส่งออกไฟล์ แบบขอรับบริการผู้ประสบปัญหา (สคส.01) (A1) (PDF)</title>
    <effort>28800</effort>
    <effort-done>14400</effort-done>
    <prerequisite-task idref="t405"/>
    <assignment idref="r12"/>
  </task>
  <task id="t59">
    <title>แบบขอรับบริการ (ตรวจเยี่ยม)</title>
    <effort>14400</effort>
    <effort-done>10080</effort-done>
    <prerequisite-task idref="t50"/>
    <assignment idref="r11"/>
  </task>
  <task id="t60">
    <title>แบบขอรับบริการ (สงเคราะห์)</title>
    <effort>14400</effort>
    <effort-done>10080</effort-done>
    <prerequisite-task idref="t59"/>
    <assignment idref="r11"/>
  </task>
  <task id="t95">
    <title>จัดการข้อมูลโครงสร้างองค์กร (Organization)</title>
    <effort>57600</effort>
    <effort-done>43200</effort-done>
    <assignment idref="r12"/>
  </task>
  <task id="t96">
    <title>จัดการทะเบียนข้อมูลบัญชีผู้ใช้งาน (User Account) (สำหรับผู้ดูแลระบบ)</title>
    <effort>57600</effort>
    <effort-done>46079.99609375</effort-done>
    <assignment idref="r11"/>
  </task>
  <task id="t98">
    <title>กระบวนการลงชื่อเข้าใช้งาน (Sign In)</title>
    <effort>86400</effort>
    <effort-done>77760</effort-done>
    <prerequisite-task idref="t106"/>
    <assignment idref="r11"/>
  </task>
  <task id="t105">
    <title>จัดการทะเบียนข้อมูลบัญชีผู้ใช้งาน (User Account) (สำหรับส่วนบุคคล)</title>
    <effort>28800</effort>
    <effort-done>23039.998046875</effort-done>
    <prerequisite-task idref="t96"/>
    <assignment idref="r11"/>
  </task>
  <task id="t106">
    <title>กำหนดสิทธิ์การเข้าใช้งาน (Permissions)</title>
    <effort>28800</effort>
    <effort-done>23039.998046875</effort-done>
    <prerequisite-task idref="t105"/>
    <assignment idref="r11"/>
  </task>
  <task id="t117">
    <title>ตารางข้อมูล</title>
    <effort>28800</effort>
    <effort-done>18720</effort-done>
    <assignment idref="r10"/>
  </task>
  <task id="t118">
    <title>แบบขอรับบริการ (แจ้งความประสงค์)</title>
    <effort>86400</effort>
    <effort-done>56159.99609375</effort-done>
    <prerequisite-task idref="t117"/>
    <assignment idref="r10"/>
  </task>
  <task id="t127">
    <title>แบบขอรับบริการ (รับเข้า/จำหน่าย)</title>
    <effort>14400</effort>
    <effort-done>9360</effort-done>
    <prerequisite-task idref="t118"/>
    <assignment idref="r10"/>
  </task>
  <task id="t128">
    <title>แบบขอรับบริการ (ประเมินสมรรถภาพ)</title>
    <effort>14400</effort>
    <effort-done>8639.99948501587</effort-done>
    <prerequisite-task idref="t127"/>
    <assignment idref="r10"/>
  </task>
  <task id="t134">
    <title>ตารางข้อมูล</title>
    <effort>28800</effort>
    <effort-done>18719.9993133545</effort-done>
    <assignment idref="r10"/>
  </task>
  <task id="t135">
    <title>แบบขอรับบริการ (แจ้งเรื่อง)</title>
    <effort>86400</effort>
    <effort-done>56159.9979400635</effort-done>
    <prerequisite-task idref="t134"/>
    <assignment idref="r10"/>
  </task>
  <task id="t145">
    <title>แบบขอรับบริการ (สงเคราะห์)</title>
    <effort>14400</effort>
    <effort-done>9359.99965667725</effort-done>
    <prerequisite-task idref="t135"/>
    <assignment idref="r10"/>
  </task>
  <task id="t151">
    <title>บ้านของผู้สูงอายุ ตารางข้อมูล</title>
    <effort>28800</effort>
    <effort-done>18719.9993133545</effort-done>
    <assignment idref="r10"/>
  </task>
  <task id="t152">
    <title>บ้านของผู้สูงอายุ แบบสอบถาม (สอบถาม)</title>
    <effort>86400</effort>
    <effort-done>56159.9979400635</effort-done>
    <prerequisite-task idref="t151"/>
    <assignment idref="r10"/>
  </task>
  <task id="t161">
    <title>บ้านของผู้สูงอายุ แบบสอบถาม (ยินยอม)</title>
    <effort>14400</effort>
    <effort-done>9359.99965667725</effort-done>
    <prerequisite-task idref="t152"/>
    <assignment idref="r10"/>
  </task>
  <task id="t162">
    <title>บ้านของผู้สูงอายุ แบบสอบถาม (สงเคราะห์)</title>
    <effort>14400</effort>
    <effort-done>9359.99965667725</effort-done>
    <prerequisite-task idref="t161"/>
    <assignment idref="r10"/>
  </task>
  <task id="t168">
    <title>ตารางข้อมูล</title>
    <effort>28800</effort>
    <effort-done>18719.9993133545</effort-done>
    <assignment idref="r10"/>
  </task>
  <task id="t169">
    <title>แบบขึ้นทะเบียน</title>
    <effort>57600</effort>
    <effort-done>37439.998626709</effort-done>
    <prerequisite-task idref="t168"/>
    <assignment idref="r10"/>
  </task>
  <task id="t202">
    <title>คลังความรู้ ตารางข้อมูล</title>
    <effort>28800</effort>
    <effort-done>17279.9989700317</effort-done>
    <assignment idref="r10"/>
  </task>
  <task id="t203">
    <title>คลังความรู้ แบบบันทึกคลังความรู้ (สำหรับการเตรียมความพร้อมสู่วัยสูงอายุ)</title>
    <effort>86400</effort>
    <effort-done>51839.9969100952</effort-done>
    <prerequisite-task idref="t202"/>
    <assignment idref="r10"/>
  </task>
  <task id="t219">
    <title>ตารางข้อมูล</title>
    <effort>28800</effort>
    <effort-done>18719.9993133545</effort-done>
    <assignment idref="r11"/>
  </task>
  <task id="t220">
    <title>แบบขึ้นทะเบียน (โรงเรียน)</title>
    <effort>57600</effort>
    <effort-done>37439.998626709</effort-done>
    <prerequisite-task idref="t219"/>
    <assignment idref="r11"/>
  </task>
  <task id="t229">
    <title>แบบขึ้นทะเบียน (ภาพถ่าย)</title>
    <effort>14400</effort>
    <effort-done>9359.99965667725</effort-done>
    <prerequisite-task idref="t220"/>
    <assignment idref="r11"/>
  </task>
  <task id="t230">
    <title>แบบขึ้นทะเบียน (รุ่น/หลักสูตร)</title>
    <effort>43200</effort>
    <effort-done>28079.9989700317</effort-done>
    <prerequisite-task idref="t229"/>
    <assignment idref="r11"/>
  </task>
  <task id="t236">
    <title>ตารางข้อมูล (ตำแหน่งงานว่าง)</title>
    <effort>14400</effort>
    <effort-done>10080</effort-done>
    <assignment idref="r11"/>
  </task>
  <task id="t237">
    <title>ตารางข้อมูล (ผู้สูงอายุที่ขึ้นทะเบียนจัดหางาน)</title>
    <effort>14400</effort>
    <effort-done>10080</effort-done>
    <prerequisite-task idref="t236"/>
    <assignment idref="r11"/>
  </task>
  <task id="t253">
    <title>ตารางข้อมูล</title>
    <effort>28800</effort>
    <assignment idref="r11"/>
  </task>
  <task id="t254">
    <title>โปรไฟล์ทะเบียนประวัติผู้สูงอายุ</title>
    <effort>86400</effort>
    <prerequisite-task idref="t253"/>
    <assignment idref="r11"/>
  </task>
  <task id="t270">
    <title>โครงสร้างเทมเพลต</title>
    <effort>28800</effort>
    <effort-done>11519.9990234375</effort-done>
    <assignment idref="r9"/>
  </task>
  <task id="t271">
    <title>หน้าหลัก</title>
    <effort>28800</effort>
    <prerequisite-task idref="t270"/>
    <assignment idref="r9"/>
  </task>
  <task id="t273">
    <title>ข่าวประชาสัมพันธ์</title>
    <effort>86400</effort>
    <assignment idref="r9"/>
  </task>
  <task id="t280">
    <title>เกี่ยวกับศูนย์ข้อมูลผู้สูงอายุ</title>
    <effort>14400</effort>
    <prerequisite-task idref="t271"/>
    <assignment idref="r9"/>
  </task>
  <task id="t281">
    <title>บทความการเตรียมความพร้อมสู่วัยสูงอายุ (รวมแบบทดสอบวัดองค์ความรู้)</title>
    <effort>14400</effort>
    <prerequisite-task idref="t280"/>
    <assignment idref="r9"/>
  </task>
  <task id="t287">
    <title>บันทึกข้อมูลผลการตรวจเยี่ยมผู้สูงอายุที่มีความยากลำบาก</title>
    <effort>576000</effort>
    <effort-done>288000</effort-done>
    <assignment idref="r13"/>
  </task>
  <task id="t304">
    <title>รายงานผลการดำเนินงานการให้บริการสงเคราะห์ผู้สูงอายุในภาวะยากลำบาก</title>
    <effort>28800</effort>
    <start-constraint-date>2017-06-26T01:00:00.000Z</start-constraint-date>
    <assignment idref="r11"/>
    <start-no-earlier-than>2017-06-26T01:00:00.000Z</start-no-earlier-than>
  </task>
  <task id="t305">
    <title>รายงานผลการดำเนินงานตามตัวชี้วัด ศูนย์พัฒนาการจัดสวัสดิการสังคมผู้สูงอายุ</title>
    <effort>28800</effort>
    <prerequisite-task idref="t304"/>
    <assignment idref="r13"/>
  </task>
  <task id="t307">
    <title>รายงานข้อมูลคลังปัญญาผู้สูงอายุ</title>
    <effort>28800</effort>
    <prerequisite-task idref="t315"/>
    <assignment idref="r13"/>
  </task>
  <task id="t314">
    <title>รายงานผลการดำเนินงานการสงเคราะห์ในการจัดการศพผู้สูงอายุตามประเพณี</title>
    <effort>28800</effort>
    <prerequisite-task idref="t305"/>
    <assignment idref="r13"/>
  </task>
  <task id="t315">
    <title>รายงานผลการดำเนินงานปรับสภาพแวดล้อมและสิ่งอำนวยความสะดวกที่เอื้อเฟื้อต่อคนทุกวัย</title>
    <effort>28800</effort>
    <prerequisite-task idref="t314"/>
    <assignment idref="r13"/>
  </task>
  <task id="t321">
    <title>ดึงข้อมูลบัตรประจำตัวประชาชนจากเครื่องอ่านบัตรสมาร์ทการ์ด</title>
    <effort>144000</effort>
    <effort-done>115199.9921875</effort-done>
    <assignment idref="r21"/>
  </task>
  <task id="t338">
    <title>(กรมการปกครอง) (ผ่าน MSO Linkage) การขอรหัสในการเข้าใช้งาน</title>
    <effort>28800</effort>
    <effort-done>28800</effort-done>
    <assignment idref="r11"/>
  </task>
  <task id="t339">
    <title>(กรมการปกครอง) (ผ่าน MSO Linkage) การตรวจสอบรหัสการเข้าใช้งานกับ SAS และยืนยันสิทธิ์</title>
    <effort>28800</effort>
    <effort-done>28800</effort-done>
    <prerequisite-task idref="t338"/>
    <assignment idref="r11"/>
  </task>
  <task id="t341">
    <title>(กรมการปกครอง) (ผ่าน MSO Linkage) รูปภาพใบหน้า</title>
    <effort>28800</effort>
    <effort-done>28800</effort-done>
    <prerequisite-task idref="t349"/>
    <assignment idref="r11"/>
  </task>
  <task id="t348">
    <title>(กรมการปกครอง) (ผ่าน MSO Linkage) เลขประจำตัวประชาชน</title>
    <effort>28800</effort>
    <effort-done>28800</effort-done>
    <prerequisite-task idref="t339"/>
    <assignment idref="r11"/>
  </task>
  <task id="t349">
    <title>(กรมการปกครอง) (ผ่าน MSO Linkage) เลขรหัสประจำบ้าน</title>
    <effort>28800</effort>
    <effort-done>28800</effort-done>
    <prerequisite-task idref="t348"/>
    <assignment idref="r11"/>
  </task>
  <task id="t372">
    <title>ตารางข้อมูล</title>
    <effort>28800</effort>
    <effort-done>14400</effort-done>
    <assignment idref="r11"/>
  </task>
  <task id="t402">
    <title>ส่งออกไฟล์ ใบสำคัญรับเงิน (สคส.02) (A2) (PDF)</title>
    <effort>14400</effort>
    <effort-done>7200</effort-done>
    <prerequisite-task idref="t57"/>
    <assignment idref="r12"/>
  </task>
  <task id="t403">
    <title>ส่งออกไฟล์ หนังสือมอบอำนาจรับเงินสงเคราะห์ฯ (A3) (PDF)</title>
    <effort>14400</effort>
    <effort-done>7200</effort-done>
    <prerequisite-task idref="t402"/>
    <assignment idref="r12"/>
  </task>
  <task id="t404">
    <title>ส่งออกไฟล์ แบบประเมินผลการให้บริการ (A4) (PDF)</title>
    <effort>14400</effort>
    <effort-done>7200</effort-done>
    <prerequisite-task idref="t403"/>
    <assignment idref="r12"/>
  </task>
  <task id="t405">
    <title>ส่งออกไฟล์ ตารางข้อมูล (XLS)</title>
    <effort>14400</effort>
    <assignment idref="r12"/>
  </task>
  <task id="t406">
    <title>ส่งออกไฟล์ แบบแจ้งความประสงค์ขอเข้ารับการสงเคราะห์ (PDF)</title>
    <effort>28800</effort>
    <prerequisite-task idref="t407"/>
    <assignment idref="r12"/>
  </task>
  <task id="t407">
    <title>ส่งออกไฟล์ ตารางข้อมูล (XLS)</title>
    <effort>14400</effort>
    <assignment idref="r12"/>
  </task>
  <task id="t408">
    <title>ส่งออกไฟล์ แบบบันทึกการรับเข้าและการจำหน่าย (PDF)</title>
    <effort>14400</effort>
    <prerequisite-task idref="t406"/>
    <assignment idref="r12"/>
  </task>
  <task id="t409">
    <title>ส่งออกไฟล์ แบบประเมินสมรรถภาพรายบุคคลและการฟื้นฟู (PDF)</title>
    <effort>28800</effort>
    <prerequisite-task idref="t408"/>
    <assignment idref="r12"/>
  </task>
  <task id="t415">
    <title>ส่งออกไฟล์ แบบขอรับเงินสงเคราะห์ฯ (ศผส.01) (C1) (PDF)</title>
    <effort>28800</effort>
    <effort-done>14400</effort-done>
    <prerequisite-task idref="t416"/>
    <assignment idref="r12"/>
  </task>
  <task id="t416">
    <title>ส่งออกไฟล์ ตารางข้อมูล (XLS)</title>
    <effort>14400</effort>
    <assignment idref="r12"/>
  </task>
  <task id="t417">
    <title>ส่งออกไฟล์ แบบรับรองการจัดการงานศพผู้สูงอายุฯ (กรณีตกสำรวจ จปฐ.) (ศผส.02) (C2) (PDF)</title>
    <effort>14400</effort>
    <effort-done>7200</effort-done>
    <prerequisite-task idref="t415"/>
    <assignment idref="r12"/>
  </task>
  <task id="t418">
    <title>ส่งออกไฟล์ ใบสำคัญรับเงิน (ศผส.03) (C3) (PDF)</title>
    <effort>14400</effort>
    <effort-done>7200</effort-done>
    <prerequisite-task idref="t417"/>
    <assignment idref="r12"/>
  </task>
  <task id="t420">
    <title>บ้านของผู้สูงอายุ ส่งออกไฟล์ แบบสอบถามความต้องการฯ (D1) (PDF)</title>
    <effort>28800</effort>
    <effort-done>14400</effort-done>
    <prerequisite-task idref="t421"/>
    <assignment idref="r12"/>
  </task>
  <task id="t421">
    <title>บ้านของผู้สูงอายุ ส่งออกไฟล์ ตารางข้อมูล (XLS)</title>
    <effort>14400</effort>
    <assignment idref="r12"/>
  </task>
  <task id="t422">
    <title>บ้านของผู้สูงอายุ ส่งออกไฟล์ หนังสือให้ความยินยอมฯ (D2) (PDF)</title>
    <effort>14400</effort>
    <effort-done>7200</effort-done>
    <prerequisite-task idref="t420"/>
    <assignment idref="r12"/>
  </task>
  <task id="t424">
    <title>สถานที่จัดกิจกรรม ตารางข้อมูล</title>
    <effort>28800</effort>
    <effort-done>18719.9993133545</effort-done>
    <prerequisite-task idref="t162"/>
    <assignment idref="r10"/>
  </task>
  <task id="t425">
    <title>สถานที่จัดกิจกรรม แบบสอบถาม (สอบถาม)</title>
    <effort>86400</effort>
    <effort-done>56159.9979400635</effort-done>
    <prerequisite-task idref="t424"/>
    <assignment idref="r10"/>
  </task>
  <task id="t426">
    <title>สถานที่จัดกิจกรรม แบบสอบถาม (ยินยอม)</title>
    <effort>14400</effort>
    <effort-done>9359.99965667725</effort-done>
    <prerequisite-task idref="t425"/>
    <assignment idref="r10"/>
  </task>
  <task id="t427">
    <title>สถานที่จัดกิจกรรม แบบสอบถาม (สงเคราะห์)</title>
    <effort>14400</effort>
    <effort-done>9359.99965667725</effort-done>
    <prerequisite-task idref="t426"/>
    <assignment idref="r10"/>
  </task>
  <task id="t428">
    <title>สถานที่จัดกิจกรรม ส่งออกไฟล์ แบบสอบถามความต้องการฯ (D3) (PDF)</title>
    <effort>28800</effort>
    <effort-done>14400</effort-done>
    <prerequisite-task idref="t429"/>
    <assignment idref="r12"/>
  </task>
  <task id="t429">
    <title>สถานที่จัดกิจกรรม ส่งออกไฟล์ ตารางข้อมูล (XLS)</title>
    <effort>14400</effort>
    <prerequisite-task idref="t422"/>
    <assignment idref="r12"/>
  </task>
  <task id="t430">
    <title>สถานที่จัดกิจกรรม ส่งออกไฟล์ หนังสือให้ความยินยอมฯ (บุคคล) (D4) (PDF)</title>
    <effort>14400</effort>
    <effort-done>7200</effort-done>
    <prerequisite-task idref="t428"/>
    <assignment idref="r12"/>
  </task>
  <task id="t431">
    <title>สถานที่จัดกิจกรรม ส่งออกไฟล์ หนังสือให้ความยินยอมฯ (หน่วยงาน) (D5) (PDF)</title>
    <effort>14400</effort>
    <effort-done>7200</effort-done>
    <prerequisite-task idref="t428"/>
    <assignment idref="r12"/>
  </task>
  <task id="t432">
    <title>ส่งออกไฟล์ แบบประวัติคลังปัญญาผู้สูงอายุ (คปญ.1) (E1) (PDF)</title>
    <effort>28800</effort>
    <effort-done>14400</effort-done>
    <prerequisite-task idref="t433"/>
    <assignment idref="r12"/>
  </task>
  <task id="t433">
    <title>ส่งออกไฟล์ ตารางข้อมูล (XLS)</title>
    <effort>14400</effort>
    <assignment idref="r12"/>
  </task>
  <task id="t437">
    <title>ตารางข้อมูล</title>
    <effort>28800</effort>
    <effort-done>20160</effort-done>
    <assignment idref="r10"/>
  </task>
  <task id="t438">
    <title>แบบขึ้นทะเบียน</title>
    <effort>57600</effort>
    <effort-done>40320</effort-done>
    <prerequisite-task idref="t437"/>
    <assignment idref="r10"/>
  </task>
  <task id="t447">
    <title>ส่งออกไฟล์ ตารางข้อมูล (XLS)</title>
    <effort>14400</effort>
    <assignment idref="r12"/>
  </task>
  <task id="t448">
    <title>ส่งออกไฟล์ แบบสอบถามสำหรับผู้ที่เป็นอาสาสมัครดูแลผู้สูงอายุ (อผส.02) (F2) (PDF)</title>
    <effort>28800</effort>
    <effort-done>14400</effort-done>
    <prerequisite-task idref="t447"/>
    <assignment idref="r12"/>
  </task>
  <task id="t449">
    <title>ส่งออกไฟล์ ตารางข้อมูล สถิติประชากรไทยจากการทะเบียน (XLS)</title>
    <effort>28800</effort>
    <assignment idref="r12"/>
  </task>
  <task id="t450">
    <title>คลังความรู้ จัดการแบบทดสอบองค์ความรู้</title>
    <effort>86400</effort>
    <prerequisite-task idref="t203"/>
    <assignment idref="r10"/>
  </task>
  <task id="t451">
    <title>ส่งออกไฟล์ ตารางข้อมูล (XLS)</title>
    <effort>14400</effort>
    <assignment idref="r12"/>
  </task>
  <task id="t452">
    <title>ส่งออกไฟล์ วุฒิบัตรการสำเร็จการศึกษา (G6) (PDF)</title>
    <effort>28800</effort>
    <effort-done>14400</effort-done>
    <prerequisite-task idref="t451"/>
    <assignment idref="r12"/>
  </task>
  <task id="t453">
    <title>ส่งออกไฟล์ ประกาศนียบัตรการเป็นผู้นำบริหารโรงเรียน (G7) (PDF)</title>
    <effort>28800</effort>
    <effort-done>14400</effort-done>
    <prerequisite-task idref="t452"/>
    <assignment idref="r12"/>
  </task>
  <task id="t456">
    <title>ส่งออกไฟล์ ตารางข้อมูล (ตำแหน่งงานว่าง) (XLS)</title>
    <effort>14400</effort>
    <assignment idref="r12"/>
  </task>
  <task id="t457">
    <title>ส่งออกไฟล์ ตารางข้อมูล (ผู้สูงอายุที่ขึ้นทะเบียนจัดหางาน) (XLS)</title>
    <effort>14400</effort>
    <prerequisite-task idref="t456"/>
    <assignment idref="r12"/>
  </task>
  <task id="t458">
    <title>ส่งออกไฟล์ ตารางข้อมูล (XLS)</title>
    <effort>28800</effort>
    <assignment idref="r12"/>
  </task>
  <task id="t459">
    <title>ส่งออกไฟล์ ทะเบียนประวัติผู้สูงอายุ (PDF)</title>
    <effort>144000</effort>
    <prerequisite-task idref="t458"/>
    <assignment idref="r12"/>
  </task>
  <task id="t466">
    <title>จัดการเนื้อหาเว็บไซต์ ตั้งค่าเบื้องต้นสำหรับเว็บไซต์</title>
    <effort>28800</effort>
    <assignment idref="r9"/>
  </task>
  <task id="t467">
    <title>จัดการเนื้อหาเว็บไซต์ เกี่ยวกับศูนย์ข้อมูลผู้สูงอายุ</title>
    <effort>28800</effort>
    <assignment idref="r9"/>
  </task>
  <task id="t468">
    <title>จัดการเนื้อหาเว็บไซต์ ข่าวประชาสัมพันธ์</title>
    <effort>28800</effort>
    <assignment idref="r9"/>
  </task>
  <task id="t469">
    <title>จัดการเนื้อหาเว็บไซต์ ปฏิทินกิจกรรม</title>
    <effort>28800</effort>
    <assignment idref="r9"/>
  </task>
  <task id="t470">
    <title>จัดการเนื้อหาเว็บไซต์ บทความ</title>
    <effort>28800</effort>
    <assignment idref="r9"/>
  </task>
  <task id="t471">
    <title>จัดการเนื้อหาเว็บไซต์ แนวทางการพัฒนาคุณภาพชีวิตผู้สูงอายุ</title>
    <effort>28800</effort>
    <assignment idref="r9"/>
  </task>
  <task id="t472">
    <title>รายงานข้อมูลอาสาสมัครดูแลผู้สูงอายุ (อผส.)</title>
    <effort>28800</effort>
    <prerequisite-task idref="t307"/>
    <assignment idref="r13"/>
  </task>
  <task id="t473">
    <title>รายงานสถิติประชากรผู้สูงอายุไทย</title>
    <effort>28800</effort>
    <prerequisite-task idref="t472"/>
    <assignment idref="r13"/>
  </task>
  <task id="t474">
    <title>รายงานสถิติการเข้าชมสื่อมัลติมีเดียการเตรียมความพร้อมสู่วัยสูงอายุ (การให้ความรู้ก่อนวัยเกษียณ)</title>
    <effort>28800</effort>
    <prerequisite-task idref="t473"/>
    <assignment idref="r13"/>
  </task>
  <task id="t475">
    <title>รายงานข้อมูลโรงเรียนผู้สูงอายุ</title>
    <effort>28800</effort>
    <prerequisite-task idref="t474"/>
    <assignment idref="r13"/>
  </task>
  <task id="t476">
    <title>รายงานข้อมูลส่งเสริมการจ้างงานผู้สูงอายุ</title>
    <effort>28800</effort>
    <prerequisite-task idref="t475"/>
    <assignment idref="r13"/>
  </task>
  <task id="t477">
    <title>รายงานสถิติประวัติการใช้งานภาพรวมระบบ</title>
    <effort>28800</effort>
    <prerequisite-task idref="t476"/>
    <assignment idref="r13"/>
  </task>
  <task id="t478">
    <title>รายงานประวัติการเรียกใช้ฐานข้อมูลกลางทะเบียนประวัติผู้สูงอายุ</title>
    <effort>28800</effort>
    <prerequisite-task idref="t477"/>
    <assignment idref="r13"/>
  </task>
  <task id="t479">
    <title>รายงานสถิติการเข้าใช้งานเว็บไซต์ศูนย์ข้อมูลผู้สูงอายุ</title>
    <effort>28800</effort>
    <prerequisite-task idref="t478"/>
    <assignment idref="r13"/>
  </task>
  <task id="t480">
    <title>รายงานผลการดำเนินงานสำรวจผู้สูงอายุที่มีความยากลำบาก (บนแอพพลิเคชั่น)</title>
    <effort>28800</effort>
    <prerequisite-task idref="t479"/>
    <assignment idref="r13"/>
  </task>
  <task id="t481">
    <title>รายงานสถิติการเชื่อมโยงข้อมูลในการบูรณาการงานผู้สูงอายุ</title>
    <effort>28800</effort>
    <prerequisite-task idref="t480"/>
    <assignment idref="r13"/>
  </task>
  <task id="t499">
    <title>ข้อมูลประวัติการได้รับการสงเคราะห์ในภาวะยากลำบาก</title>
    <effort>28800</effort>
    <assignment idref="r11"/>
  </task>
  <task id="t500">
    <title>ข้อมูลประวัติการเข้ารับบริการในศูนย์พัฒนาการจัดสวัสดิการสังคมผู้สูงอายุ</title>
    <effort>28800</effort>
    <prerequisite-task idref="t499"/>
    <assignment idref="r11"/>
  </task>
  <task id="t501">
    <title>ข้อมูลบ้านของผู้สูงอายุที่ได้รับการสงเคราะห์ในการปรับปรุง</title>
    <effort>28800</effort>
    <prerequisite-task idref="t502"/>
    <assignment idref="r11"/>
  </task>
  <task id="t502">
    <title>ข้อมูลผู้สูงอายุที่ได้รับการสงเคราะห์ในการจัดการศพผู้สูงอายุตามประเพณี</title>
    <effort>28800</effort>
    <prerequisite-task idref="t503"/>
    <assignment idref="r11"/>
  </task>
  <task id="t503">
    <title>ข้อมูลผลการประเมินสมรรถภาพรายบุคคล</title>
    <effort>28800</effort>
    <prerequisite-task idref="t500"/>
    <assignment idref="r11"/>
  </task>
  <task id="t504">
    <title>(กรมการปกครอง) (ผ่าน MSO Linkage) โครงการลงทะเบียนเพื่อสวัสดิการแห่งรัฐ</title>
    <effort>28800</effort>
    <prerequisite-task idref="t341"/>
    <assignment idref="r11"/>
  </task>
  <task id="t505">
    <title>(กรมการปกครอง) (ผ่าน MSO Linkage) ข้อมูลสถิติประชากรไทยจากการทะเบียน จำแนกรายอายุ</title>
    <effort>28800</effort>
    <prerequisite-task idref="t504"/>
    <assignment idref="r11"/>
  </task>
  <task id="t506">
    <title>(กรมการพัฒนาชุมชน) ข้อมูลดัชนีจําแนกตัวชี้วัดคุณภาพชีวิตของประชาชนในชนบท ตามเกณฑ์ความจําเป็นพื้นฐาน (จปฐ.)</title>
    <effort>28800</effort>
    <prerequisite-task idref="t505"/>
    <assignment idref="r11"/>
  </task>
  <task id="t507">
    <title>(กรมการจัดหางาน) ข้อมูลตำแหน่งงานว่าง</title>
    <effort>28800</effort>
    <effort-done>2879.99982833862</effort-done>
    <prerequisite-task idref="t506"/>
    <assignment idref="r11"/>
  </task>
  <task id="t508">
    <title>(กรมการจัดหางาน) ข้อมูลผู้สูงอายุที่ขึ้นทะเบียนจัดหางาน</title>
    <effort>28800</effort>
    <effort-done>2879.99982833862</effort-done>
    <prerequisite-task idref="t507"/>
    <assignment idref="r11"/>
  </task>
  <task id="t509">
    <title>(กรมพัฒนาสังคมและสวัสดิการ) ข้อมูลทะเบียนอาสาสมัครดูแลผู้สูงอายุ (อผส.)</title>
    <effort>28800</effort>
    <prerequisite-task idref="t508"/>
    <assignment idref="r11"/>
  </task>
  <task id="t511">
    <title>(กรมกิจการผู้สูงอายุ) ข้อมูลประวัติการขึ้นทะเบียนคลังปัญญาผู้สูงอายุ</title>
    <effort>28800</effort>
    <prerequisite-task idref="t509"/>
    <assignment idref="r11"/>
  </task>
  <task id="t512">
    <title>(กรมกิจการผู้สูงอายุ) ข้อมูลประวัติการกู้ยืมกองทุน และสถานะสัญญา</title>
    <effort>28800</effort>
    <effort-done>2879.99982833862</effort-done>
    <prerequisite-task idref="t511"/>
    <assignment idref="r11"/>
  </task>
  <task id="t514">
    <title>ข้อมูลทะเบียนประวัติผู้สูงอายุที่มีภูมิปัญญา</title>
    <effort>28800</effort>
    <prerequisite-task idref="t501"/>
    <assignment idref="r11"/>
  </task>
  <task id="t515">
    <title>ข้อมูลทะเบียนอาสาสมัครดูแลผู้สูงอายุ (อผส.)</title>
    <effort>28800</effort>
    <prerequisite-task idref="t514"/>
    <assignment idref="r11"/>
  </task>
  <task id="t516">
    <title>ข้อมูลโรงเรียนผู้สูงอายุ</title>
    <effort>28800</effort>
    <prerequisite-task idref="t515"/>
    <assignment idref="r11"/>
  </task>
  <task id="t517">
    <title>ข้อมูลประวัติการเข้าเรียนโรงเรียนผู้สูงอายุ</title>
    <effort>28800</effort>
    <prerequisite-task idref="t516"/>
    <assignment idref="r11"/>
  </task>
  <task id="t518">
    <title>ตารางข้อมูลสถิติ (2 ชุดข้อมูล)</title>
    <effort>28800</effort>
    <prerequisite-task idref="t517"/>
    <assignment idref="r11"/>
  </task>
  <task id="t519">
    <title>ตารางมาตรฐานรหัสข้อมูล (29 ชุดข้อมูล)</title>
    <effort>57600</effort>
    <effort-done>28800</effort-done>
    <prerequisite-task idref="t518"/>
    <assignment idref="r11"/>
  </task>
  <task id="t520">
    <title>แบบขึ้นทะเบียน</title>
    <effort>28800</effort>
    <prerequisite-task idref="t372"/>
    <assignment idref="r11"/>
  </task>
  <task id="t521">
    <title>ปฏิทินกิจกรรม</title>
    <effort>28800</effort>
    <start-constraint-date>2017-06-21T01:00:00.000Z</start-constraint-date>
    <assignment idref="r9"/>
    <start-no-earlier-than>2017-06-21T01:00:00.000Z</start-no-earlier-than>
  </task>
  <task id="t522">
    <title>บริการออนไลน์ (แจ้งความประสงค์ขอรับบริการสงเคราะห์ในศูนย์ฯ, สมัครเข้าร่วมอบรมการเตรียมความพร้อมฯ)</title>
    <effort>28800</effort>
    <start-constraint-date>2017-06-21T01:00:00.000Z</start-constraint-date>
    <assignment idref="r9"/>
    <start-no-earlier-than>2017-06-21T01:00:00.000Z</start-no-earlier-than>
  </task>
  <task id="t523">
    <title>การส่งเสริมการจ้างงานผู้สูงอายุ</title>
    <effort>28800</effort>
    <start-constraint-date>2017-06-21T01:00:00.000Z</start-constraint-date>
    <assignment idref="r9"/>
    <start-no-earlier-than>2017-06-21T01:00:00.000Z</start-no-earlier-than>
  </task>
  <task id="t524">
    <title>โรงเรียนผู้สูงอายุ</title>
    <effort>28800</effort>
    <start-constraint-date>2017-06-21T01:00:00.000Z</start-constraint-date>
    <assignment idref="r9"/>
    <start-no-earlier-than>2017-06-21T01:00:00.000Z</start-no-earlier-than>
  </task>
  <task id="t525">
    <title>แนวทางการพัฒนาคุณภาพชีวิตผู้สูงอายุ</title>
    <effort>28800</effort>
    <start-constraint-date>2017-06-21T01:00:00.000Z</start-constraint-date>
    <assignment idref="r9"/>
    <start-no-earlier-than>2017-06-21T01:00:00.000Z</start-no-earlier-than>
  </task>
  <task id="t526">
    <title>สถิติการเข้าใช้งานเว็บไซต์</title>
    <effort>28800</effort>
    <start-constraint-date>2017-06-21T01:00:00.000Z</start-constraint-date>
    <assignment idref="r9"/>
    <start-no-earlier-than>2017-06-21T01:00:00.000Z</start-no-earlier-than>
  </task>
  <task id="t527">
    <title>คลังปัญญาผู้สูงอายุ</title>
    <effort>28800</effort>
    <start-constraint-date>2017-06-21T01:00:00.000Z</start-constraint-date>
    <assignment idref="r9"/>
    <start-no-earlier-than>2017-06-21T01:00:00.000Z</start-no-earlier-than>
  </task>
  <task id="t532">
    <title>สถิติการเชื่อมโยงข้อมูลในการบูรณาการงานผู้สูงอายุ</title>
    <effort>28800</effort>
    <assignment idref="r11"/>
  </task>
  <task id="t533">
    <title>การจัดฝึกอบรม ตารางข้อมูล</title>
    <effort>28800</effort>
    <effort-done>17279.9989700317</effort-done>
    <start-constraint-date>2017-07-06T01:00:00.000Z</start-constraint-date>
    <assignment idref="r10"/>
    <start-no-earlier-than>2017-07-06T01:00:00.000Z</start-no-earlier-than>
  </task>
  <task id="t534">
    <title>การจัดฝึกอบรม แบบบันทึกการจัดฝึกอบรม</title>
    <effort>28800</effort>
    <effort-done>17279.9989700317</effort-done>
    <start-constraint-date>2017-07-06T01:00:00.000Z</start-constraint-date>
    <assignment idref="r10"/>
    <start-no-earlier-than>2017-07-06T01:00:00.000Z</start-no-earlier-than>
  </task>
  <critical-path root="-1" enabled="false" resources="false">
    <color r="1" g="0.5" b="0.5"/>
  </critical-path>
</scenario>
